[
    {
        "id": 1,
        "name": "John Doe",
        "age": 30,
        "email": "johndoe@example.com",
        "location": "New York",
        "occupation": "Engineer"
    },
    {
        "id": 2,
        "name": "Jane Smith",
        "age": 25,
        "email": "janesmith@example.com",
        "location": "Los Angeles",
        "hobbies": ["Reading", "Traveling"],
        "pets": {
            "type": "Dog",
            "name": "Buddy"
        }
    },
    {
        "id": 3,
        "username": "user123",
        "subscription_status": "active",
        "preferences": {
            "theme": "dark",
            "notifications": "enabled"
        },
        "membership_start_date": "2022-01-15"
    },
    {
        "id": 4,
        "first_name": "Michael",
        "last_name": "Johnson",
        "age": 40,
        "company": "TechCorp",
        "department": "Development",
        "years_of_experience": 15
    },
    {
        "id": 5,
        "name": "Alice Brown",
        "email": "alicebrown@example.com",
        "phone": "+1-555-9876",
        "last_login": "2024-09-20T14:30:00Z",
        "is_verified": true
    }
]
