{
    "services": [
      {
        "name": "web",
        "port": 8080,
        "tags": ["frontend"],
        "check": {
          "id": "web-health",
          "name": "Web HTTP Check",
          "http": "http://localhost:8080/health",
          "interval": "10s",
          "timeout": "1s"
        },
        "meta": {
          "version": "1.0",
          "environment": "local"
        }
      },
      {
        "name": "api",
        "port": 3000,
        "tags": ["backend"],
        "check": {
          "id": "api-health",
          "name": "API HTTP Check",
          "http": "http://localhost:3000/health",
          "interval": "10s",
          "timeout": "1s"
        },
        "meta": {
          "version": "1.0",
          "environment": "local"
        }
      },
      {
        "name": "cache",
        "port": 6379,
        "tags": ["database"],
        "check": {
          "id": "cache-tcp",
          "name": "Cache TCP Check",
          "tcp": "localhost:6379",
          "interval": "10s",
          "timeout": "1s"
        },
        "meta": {
          "version": "1.0",
          "environment": "local"
        }
      }
    ]
  }