{
  "node_name": "local-node",
  "datacenter": "dc1",
  "data_dir": "/opt/consul",
  "log_level": "INFO",
  "retry_join": ["localhost"],
  "bind_addr": "0.0.0.0",
  "client_addr": "0.0.0.0",
  "ui_config": {
    "enabled": true
  },
  "services": [
    {
      "name": "web",
      "port": 8080,
      "tags": ["frontend"],
      "check": {
        "id": "web-health",
        "name": "Web HTTP Check",
        "http": "http://localhost:8080/health",
        "interval": "10s",
        "timeout": "1s"
      },
      "meta": {
        "version": "1.0",
        "environment": "local"
      }
    },
    {
      "name": "api",
      "port": 3000,
      "tags": ["backend"],
      "check": {
        "id": "api-health",
        "name": "API HTTP Check",
        "http": "http://localhost:3000/health",
        "interval": "10s",
        "timeout": "1s"
      },
      "meta": {
        "version": "1.0",
        "environment": "local"
      }
    },
    {
      "name": "cache",
      "port": 6379,
      "tags": ["database"],
      "check": {
        "id": "cache-tcp",
        "name": "Cache TCP Check",
        "tcp": "localhost:6379",
        "interval": "10s",
        "timeout": "1s"
      },
      "meta": {
        "version": "1.0",
        "environment": "local"
      }
    }
  ],
  "addresses": {
    "http": "0.0.0.0"
  },
  "ports": {
    "http": 8500,
    "dns": 8600,
    "serf_lan": 8301,
    "serf_wan": 8302,
    "server": 8300
  },
  "connect": {
    "enabled": true
  },
  "telemetry": {
    "disable_hostname": true,
    "prometheus_retention_time": "24h"
  }
}